[
  {
    "segment": "leanback",
    "artistName": "Rooftops"
  },
  {
    "segment": "leanback",
    "artistName": "みゆな"
  },
  {
    "segment": "leanback",
    "artistName": "Mauro Henrique"
  },
  {
    "segment": "lapsed",
    "artistName": "Wet Bed Gang"
  },
  {
    "segment": "leanback",
    "artistName": "Polaris"
  },
  {
    "segment": "leanback",
    "artistName": "MOLYBARON"
  },
  {
    "segment": "lapsed",
    "artistName": "SiM"
  },
  {
    "segment": "leanback",
    "artistName": "理芽"
  },
  {
    "segment": "lapsed",
    "artistName": "Manwolves"
  },
  {
    "segment": "leanback",
    "artistName": "Hachioji P"
  },
  {
    "segment": "leanback",
    "artistName": "M2U"
  },
  {
    "segment": "lapsed",
    "artistName": "Chinese Football"
  },
  {
    "segment": "leanback",
    "artistName": "hachi"
  },
  {
    "segment": "lapsed",
    "artistName": "Who-ya Extended"
  },
  {
    "segment": "leanback",
    "artistName": "Veltpunch"
  },
  {
    "segment": "lapsed",
    "artistName": "Lil Wayne"
  },
  {
    "segment": "leanback",
    "artistName": "Ne Obliviscaris"
  },
  {
    "segment": "leanback",
    "artistName": "CircusP"
  },
  {
    "segment": "leanback",
    "artistName": "Elephant Tree"
  },
  {
    "segment": "leanback",
    "artistName": "Daniel Cavanagh"
  },
  {
    "segment": "leanback",
    "artistName": "Maybsomeday"
  },
  {
    "segment": "lapsed",
    "artistName": "The Game"
  },
  {
    "segment": "leanback",
    "artistName": "Ashes Remain"
  },
  {
    "segment": "lapsed",
    "artistName": "Von Hertzen Brothers"
  },
  {
    "segment": "lapsed",
    "artistName": "Tyler, The Creator"
  },
  {
    "segment": "leanback",
    "artistName": "Ihsahn"
  },
  {
    "segment": "leanback",
    "artistName": "Year Of The Goat"
  },
  {
    "segment": "lapsed",
    "artistName": "NoisyCell"
  },
  {
    "segment": "leanback",
    "artistName": "Hitorie"
  },
  {
    "segment": "leanback",
    "artistName": "Vulkan"
  },
  {
    "segment": "leanback",
    "artistName": "sekai"
  },
  {
    "segment": "leanback",
    "artistName": "A Sense of Purpose"
  },
  {
    "segment": "leanback",
    "artistName": "Erik Castro"
  },
  {
    "segment": "leanback",
    "artistName": "AKAIKO-EN"
  },
  {
    "segment": "lapsed",
    "artistName": "Crossfaith"
  },
  {
    "segment": "leanback",
    "artistName": "Manafest"
  },
  {
    "segment": "leanback",
    "artistName": "Port Noir"
  },
  {
    "segment": "lapsed",
    "artistName": "XXXTENTACION"
  },
  {
    "segment": "leanback",
    "artistName": "Unprocessed"
  },
  {
    "segment": "leanback",
    "artistName": "YUI"
  },
  {
    "segment": "leanback",
    "artistName": "Allt"
  },
  {
    "segment": "lapsed",
    "artistName": "Cannibal Corpse"
  },
  {
    "segment": "leanback",
    "artistName": "Ling tosite sigure"
  },
  {
    "segment": "leanback",
    "artistName": "Anup Sastry"
  },
  {
    "segment": "lapsed",
    "artistName": "Dio"
  },
  {
    "segment": "leanback",
    "artistName": "Devour the Day"
  },
  {
    "segment": "lapsed",
    "artistName": "Earl Sweatshirt"
  },
  {
    "segment": "leanback",
    "artistName": "Kjjjjjjjjj"
  },
  {
    "segment": "lapsed",
    "artistName": "a crowd of rebellion"
  },
  {
    "segment": "lapsed",
    "artistName": "majiko"
  },
  {
    "segment": "leanback",
    "artistName": "cinema staff"
  },
  {
    "segment": "leanback",
    "artistName": "Joe Satriani"
  },
  {
    "segment": "leanback",
    "artistName": "Nanahira"
  },
  {
    "segment": "leanback",
    "artistName": "Rishloo"
  },
  {
    "segment": "leanback",
    "artistName": "Miggy Dela Rosa"
  },
  {
    "segment": "leanback",
    "artistName": "RED ORCA"
  },
  {
    "segment": "leanback",
    "artistName": "Survive Said The Prophet"
  },
  {
    "segment": "lapsed",
    "artistName": "Day Of Fire"
  },
  {
    "segment": "leanback",
    "artistName": "Arjen Anthony Lucassen's Star One"
  },
  {
    "segment": "leanback",
    "artistName": "David Maxim Micic"
  },
  {
    "segment": "leanback",
    "artistName": "Masto (coldrain)"
  },
  {
    "segment": "leanback",
    "artistName": "Marty Friedman"
  },
  {
    "segment": "leanback",
    "artistName": "Crown Lands"
  },
  {
    "segment": "leanback",
    "artistName": "The Letter Black"
  },
  {
    "segment": "leanback",
    "artistName": "Knight Area"
  },
  {
    "segment": "lapsed",
    "artistName": "HEY-SMITH"
  },
  {
    "segment": "lapsed",
    "artistName": "$NOT"
  },
  {
    "segment": "lapsed",
    "artistName": "SikTh"
  },
  {
    "segment": "leanback",
    "artistName": "Galleons"
  },
  {
    "segment": "leanback",
    "artistName": "King's X"
  },
  {
    "segment": "lapsed",
    "artistName": "塞壬唱片-MSR"
  },
  {
    "segment": "leanback",
    "artistName": "Dearest"
  },
  {
    "segment": "leanback",
    "artistName": "Humulus"
  },
  {
    "segment": "leanback",
    "artistName": "Moray Pringle"
  },
  {
    "segment": "leanback",
    "artistName": "Write This Down"
  },
  {
    "segment": "leanback",
    "artistName": "Elder"
  },
  {
    "segment": "leanback",
    "artistName": "standards"
  },
  {
    "segment": "leanback",
    "artistName": "Mili"
  },
  {
    "segment": "leanback",
    "artistName": "Long Distance Calling"
  },
  {
    "segment": "leanback",
    "artistName": "Green Lung"
  },
  {
    "segment": "lapsed",
    "artistName": "ROTTENGRAFFTY"
  },
  {
    "segment": "lapsed",
    "artistName": "Crystal Eyes"
  },
  {
    "segment": "lapsed",
    "artistName": "Becky Hill"
  },
  {
    "segment": "leanback",
    "artistName": "Resilia"
  },
  {
    "segment": "lapsed",
    "artistName": "Playboi Carti"
  },
  {
    "segment": "lapsed",
    "artistName": "deadman 死人"
  },
  {
    "segment": "leanback",
    "artistName": "Sent By Ravens"
  },
  {
    "segment": "leanback",
    "artistName": "The Flower Kings"
  },
  {
    "segment": "leanback",
    "artistName": "whaledontsleep"
  },
  {
    "segment": "leanback",
    "artistName": "Premiata Forneria Marconi"
  },
  {
    "segment": "leanback",
    "artistName": "It's Alive"
  },
  {
    "segment": "lapsed",
    "artistName": "Wheel"
  },
  {
    "segment": "leanback",
    "artistName": "Emphatic"
  },
  {
    "segment": "leanback",
    "artistName": "Yes"
  },
  {
    "segment": "leanback",
    "artistName": "Kei Sugawara"
  },
  {
    "segment": "leanback",
    "artistName": "Jin"
  },
  {
    "segment": "leanback",
    "artistName": "dios trio"
  },
  {
    "segment": "lapsed",
    "artistName": "Steve Vai"
  },
  {
    "segment": "leanback",
    "artistName": "KT Chang"
  },
  {
    "segment": "leanback",
    "artistName": "Charisma.com"
  },
  {
    "segment": "lapsed",
    "artistName": "Bea Miller"
  },
  {
    "segment": "lapsed",
    "artistName": "Childish Gambino"
  },
  {
    "segment": "leanback",
    "artistName": "Kano"
  },
  {
    "segment": "leanback",
    "artistName": "Neon Graves"
  },
  {
    "segment": "leanback",
    "artistName": "Downplay"
  },
  {
    "segment": "lapsed",
    "artistName": "Kendrick Lamar"
  },
  {
    "segment": "leanback",
    "artistName": "Pelagos"
  },
  {
    "segment": "leanback",
    "artistName": "Frost*"
  },
  {
    "segment": "leanback",
    "artistName": "takamatt"
  },
  {
    "segment": "leanback",
    "artistName": "The Seafloor Cinema"
  },
  {
    "segment": "leanback",
    "artistName": "Primus"
  },
  {
    "segment": "leanback",
    "artistName": "Huis"
  },
  {
    "segment": "leanback",
    "artistName": "Syncatto"
  },
  {
    "segment": "lapsed",
    "artistName": "Louis The Child"
  },
  {
    "segment": "leanback",
    "artistName": "Indighxst"
  },
  {
    "segment": "leanback",
    "artistName": "The Mars Volta"
  },
  {
    "segment": "lapsed",
    "artistName": "Symphony X"
  },
  {
    "segment": "leanback",
    "artistName": "Yoh kamiyama"
  },
  {
    "segment": "leanback",
    "artistName": "Witchcraft"
  },
  {
    "segment": "leanback",
    "artistName": "Coridian"
  },
  {
    "segment": "leanback",
    "artistName": "Voicians"
  },
  {
    "segment": "leanback",
    "artistName": "The Wreckage"
  },
  {
    "segment": "leanback",
    "artistName": "Österreich"
  },
  {
    "segment": "leanback",
    "artistName": "Bury Tomorrow"
  },
  {
    "segment": "lapsed",
    "artistName": "eMolecule"
  },
  {
    "segment": "lapsed",
    "artistName": "Forget and Forgive"
  },
  {
    "segment": "leanback",
    "artistName": "Motohiro Hata"
  },
  {
    "segment": "leanback",
    "artistName": "Agent Fresco"
  },
  {
    "segment": "light",
    "artistName": "Saku Moilanen"
  },
  {
    "segment": "leanback",
    "artistName": "WEDNESDAY CAMPANELLA"
  },
  {
    "segment": "leanback",
    "artistName": "LAMP IN TERREN"
  },
  {
    "segment": "lapsed",
    "artistName": "Sophia Black"
  },
  {
    "segment": "lapsed",
    "artistName": "Pay money To my Pain"
  },
  {
    "segment": "leanback",
    "artistName": "Throwing Gravity"
  },
  {
    "segment": "leanback",
    "artistName": "TUYU"
  },
  {
    "segment": "leanback",
    "artistName": "Brave New World"
  },
  {
    "segment": "leanback",
    "artistName": "NANO"
  },
  {
    "segment": "leanback",
    "artistName": "Hikaru Utada"
  },
  {
    "segment": "leanback",
    "artistName": "Walking Across Jupiter"
  },
  {
    "segment": "leanback",
    "artistName": "Eve"
  },
  {
    "segment": "leanback",
    "artistName": "The Surrealist"
  },
  {
    "segment": "lapsed",
    "artistName": "Leprous"
  },
  {
    "segment": "leanback",
    "artistName": "Steven Wilson"
  },
  {
    "segment": "lapsed",
    "artistName": "Aimer"
  },
  {
    "segment": "leanback",
    "artistName": "The Alchemist"
  },
  {
    "segment": "leanback",
    "artistName": "麦吉_Maggie"
  },
  {
    "segment": "leanback",
    "artistName": "MASS OF THE FERMENTING DREGS"
  },
  {
    "segment": "leanback",
    "artistName": "Moe Shop"
  },
  {
    "segment": "leanback",
    "artistName": "Memorist"
  },
  {
    "segment": "lapsed",
    "artistName": "There For Tomorrow"
  },
  {
    "segment": "leanback",
    "artistName": "SawanoHiroyuki[nZk]"
  },
  {
    "segment": "leanback",
    "artistName": "KMNZ"
  },
  {
    "segment": "leanback",
    "artistName": "maeshima soshi"
  },
  {
    "segment": "leanback",
    "artistName": "Kami-sama, I have noticed"
  },
  {
    "segment": "leanback",
    "artistName": "haruno"
  },
  {
    "segment": "leanback",
    "artistName": "KANKAKU PIERO"
  },
  {
    "segment": "leanback",
    "artistName": "Hiroaki Tsutsumi"
  },
  {
    "segment": "leanback",
    "artistName": "Time, The Valuator"
  },
  {
    "segment": "leanback",
    "artistName": "DECO*27"
  },
  {
    "segment": "lapsed",
    "artistName": "Return to Sender"
  },
  {
    "segment": "lapsed",
    "artistName": "Crystal Lake"
  },
  {
    "segment": "lapsed",
    "artistName": "TOOL"
  },
  {
    "segment": "leanback",
    "artistName": "Stage Kids"
  },
  {
    "segment": "lapsed",
    "artistName": "Killstation"
  },
  {
    "segment": "leanback",
    "artistName": "Mastodon"
  },
  {
    "segment": "lapsed",
    "artistName": "Shibayan"
  },
  {
    "segment": "lapsed",
    "artistName": "Amnesty"
  },
  {
    "segment": "lapsed",
    "artistName": "sakanaction"
  },
  {
    "segment": "leanback",
    "artistName": "Sunnata"
  },
  {
    "segment": "lapsed",
    "artistName": "21 Savage"
  },
  {
    "segment": "leanback",
    "artistName": "Lie and a Chameleon"
  },
  {
    "segment": "leanback",
    "artistName": "the HIATUS"
  },
  {
    "segment": "leanback",
    "artistName": "James Hype"
  },
  {
    "segment": "light",
    "artistName": "Relent"
  },
  {
    "segment": "moderate",
    "artistName": "Airbag"
  },
  {
    "segment": "leanback",
    "artistName": "YUC'e"
  },
  {
    "segment": "lapsed",
    "artistName": "ACIDMAN"
  },
  {
    "segment": "leanback",
    "artistName": "Weedpecker"
  },
  {
    "segment": "leanback",
    "artistName": "Carlotta Valdes"
  },
  {
    "segment": "leanback",
    "artistName": "Fury Weekend"
  },
  {
    "segment": "leanback",
    "artistName": "Rolo Tomassi"
  },
  {
    "segment": "leanback",
    "artistName": "Our Oceans"
  },
  {
    "segment": "leanback",
    "artistName": "Shiggy Jr."
  },
  {
    "segment": "leanback",
    "artistName": "Sublimerent"
  },
  {
    "segment": "leanback",
    "artistName": "ASCA"
  },
  {
    "segment": "lapsed",
    "artistName": "Frank Ocean"
  },
  {
    "segment": "leanback",
    "artistName": "Valley of the Sun"
  },
  {
    "segment": "leanback",
    "artistName": "Catbamboo"
  },
  {
    "segment": "lapsed",
    "artistName": "A$AP Rocky"
  },
  {
    "segment": "leanback",
    "artistName": "Kradness"
  },
  {
    "segment": "lapsed",
    "artistName": "Tatsuya Kitani"
  },
  {
    "segment": "leanback",
    "artistName": "Emigrate"
  },
  {
    "segment": "lapsed",
    "artistName": "Kaede Akamatsu"
  },
  {
    "segment": "lapsed",
    "artistName": "THE ORAL CIGARETTES"
  },
  {
    "segment": "lapsed",
    "artistName": "Nine Lashes"
  },
  {
    "segment": "leanback",
    "artistName": "[Alexandros]"
  },
  {
    "segment": "leanback",
    "artistName": "Ken Ashcorp"
  },
  {
    "segment": "lapsed",
    "artistName": "Masafumi Takada"
  },
  {
    "segment": "leanback",
    "artistName": "Normandie"
  },
  {
    "segment": "leanback",
    "artistName": "Subsignal"
  },
  {
    "segment": "leanback",
    "artistName": "PassCode"
  },
  {
    "segment": "leanback",
    "artistName": "Planet of Zeus"
  },
  {
    "segment": "leanback",
    "artistName": "Lonely Robot"
  },
  {
    "segment": "leanback",
    "artistName": "UMETORA"
  },
  {
    "segment": "leanback",
    "artistName": "GAUPA"
  },
  {
    "segment": "leanback",
    "artistName": "Craneium"
  },
  {
    "segment": "leanback",
    "artistName": "KANA-BOON"
  },
  {
    "segment": "leanback",
    "artistName": "Fireflight"
  },
  {
    "segment": "leanback",
    "artistName": "Cepheid"
  },
  {
    "segment": "leanback",
    "artistName": "40mP"
  },
  {
    "segment": "lapsed",
    "artistName": "Jay Rock"
  },
  {
    "segment": "leanback",
    "artistName": "SPYAIR"
  },
  {
    "segment": "lapsed",
    "artistName": "uchuu;"
  },
  {
    "segment": "lapsed",
    "artistName": "Alazka"
  },
  {
    "segment": "lapsed",
    "artistName": "Sokoninaru"
  },
  {
    "segment": "leanback",
    "artistName": "Soen"
  },
  {
    "segment": "lapsed",
    "artistName": "Anomalie"
  },
  {
    "segment": "lapsed",
    "artistName": "Devin Townsend"
  },
  {
    "segment": "leanback",
    "artistName": "No Resolve"
  },
  {
    "segment": "lapsed",
    "artistName": "Six Gallery"
  },
  {
    "segment": "lapsed",
    "artistName": "Polyphia"
  },
  {
    "segment": "leanback",
    "artistName": "眩暈SIREN"
  },
  {
    "segment": "leanback",
    "artistName": "Monument Of A Memory"
  },
  {
    "segment": "leanback",
    "artistName": "Cö shu Nie"
  },
  {
    "segment": "lapsed",
    "artistName": "Pure Reason Revolution"
  },
  {
    "segment": "lapsed",
    "artistName": "Kingdom Of Giants"
  },
  {
    "segment": "leanback",
    "artistName": "Black Elephant"
  },
  {
    "segment": "leanback",
    "artistName": "Awake the Dreamer"
  },
  {
    "segment": "leanback",
    "artistName": "Chon"
  },
  {
    "segment": "lapsed",
    "artistName": "Brasstracks"
  },
  {
    "segment": "leanback",
    "artistName": "Black Rainbows"
  },
  {
    "segment": "leanback",
    "artistName": "Volkor X"
  },
  {
    "segment": "leanback",
    "artistName": "x0o0x_"
  },
  {
    "segment": "moderate",
    "artistName": "Somehow Jo"
  },
  {
    "segment": "leanback",
    "artistName": "FLOYA"
  },
  {
    "segment": "leanback",
    "artistName": "Perfume"
  },
  {
    "segment": "lapsed",
    "artistName": "MYTH & ROID"
  },
  {
    "segment": "leanback",
    "artistName": "Porcupine Tree"
  },
  {
    "segment": "lapsed",
    "artistName": "Jeff Williams"
  },
  {
    "segment": "leanback",
    "artistName": "POLKADOT STINGRAY"
  },
  {
    "segment": "moderate",
    "artistName": "yama"
  },
  {
    "segment": "lapsed",
    "artistName": "Return to Sender"
  },
  {
    "segment": "leanback",
    "artistName": "Puta Volcano"
  },
  {
    "segment": "leanback",
    "artistName": "Broken Iris"
  },
  {
    "segment": "leanback",
    "artistName": "OU"
  },
  {
    "segment": "lapsed",
    "artistName": "Reol"
  },
  {
    "segment": "lapsed",
    "artistName": "Varra"
  },
  {
    "segment": "leanback",
    "artistName": "fusq"
  },
  {
    "segment": "lapsed",
    "artistName": "Winnie"
  },
  {
    "segment": "leanback",
    "artistName": "THE SIXTH LIE"
  },
  {
    "segment": "leanback",
    "artistName": "the peggies"
  },
  {
    "segment": "leanback",
    "artistName": "Astronoid"
  },
  {
    "segment": "leanback",
    "artistName": "Oceans Divide"
  },
  {
    "segment": "leanback",
    "artistName": "Vinicius Cavalieri"
  },
  {
    "segment": "leanback",
    "artistName": "Cidergirl"
  },
  {
    "segment": "leanback",
    "artistName": "Dareharu"
  },
  {
    "segment": "lapsed",
    "artistName": "Centimillimental"
  },
  {
    "segment": "lapsed",
    "artistName": "Life Awaits"
  },
  {
    "segment": "leanback",
    "artistName": "pg.lost"
  },
  {
    "segment": "leanback",
    "artistName": "WaMi"
  },
  {
    "segment": "lapsed",
    "artistName": "Kanye West"
  },
  {
    "segment": "lapsed",
    "artistName": "宇宙ネコ子"
  },
  {
    "segment": "leanback",
    "artistName": "Moon Tooth"
  },
  {
    "segment": "leanback",
    "artistName": "Lansdowne"
  },
  {
    "segment": "lapsed",
    "artistName": "Various Artists"
  },
  {
    "segment": "leanback",
    "artistName": "Riverside"
  },
  {
    "segment": "leanback",
    "artistName": "Sylvan"
  },
  {
    "segment": "leanback",
    "artistName": "Michael Romeo"
  },
  {
    "segment": "leanback",
    "artistName": "Base Ball Bear"
  },
  {
    "segment": "lapsed",
    "artistName": "Villagers of Ioannina City"
  },
  {
    "segment": "lapsed",
    "artistName": "Liv.e"
  },
  {
    "segment": "leanback",
    "artistName": "SawanoHiroyuki[nZk]:mizuki"
  },
  {
    "segment": "lapsed",
    "artistName": "The Icemen"
  },
  {
    "segment": "leanback",
    "artistName": "Franklin Zoo"
  },
  {
    "segment": "lapsed",
    "artistName": "Set for the Fall"
  },
  {
    "segment": "lapsed",
    "artistName": "Pattern-Seeking Animals"
  },
  {
    "segment": "leanback",
    "artistName": "SayMaxWell"
  },
  {
    "segment": "leanback",
    "artistName": "MAISONdes"
  },
  {
    "segment": "leanback",
    "artistName": "Charlie Griffiths"
  },
  {
    "segment": "lapsed",
    "artistName": "The Notorious B.I.G."
  },
  {
    "segment": "moderate",
    "artistName": "Hello Sleepwalkers"
  },
  {
    "segment": "leanback",
    "artistName": "ELLEGARDEN"
  },
  {
    "segment": "leanback",
    "artistName": "Esoterica"
  },
  {
    "segment": "lapsed",
    "artistName": "MAVI"
  },
  {
    "segment": "leanback",
    "artistName": "yeti let you notice"
  },
  {
    "segment": "lapsed",
    "artistName": "Haken"
  },
  {
    "segment": "lapsed",
    "artistName": "James Blake"
  },
  {
    "segment": "lapsed",
    "artistName": "JOBA"
  },
  {
    "segment": "lapsed",
    "artistName": "akumuh"
  },
  {
    "segment": "lapsed",
    "artistName": "Future"
  },
  {
    "segment": "lapsed",
    "artistName": "coldrain"
  },
  {
    "segment": "leanback",
    "artistName": "Plini"
  },
  {
    "segment": "lapsed",
    "artistName": "ONE OK ROCK"
  },
  {
    "segment": "leanback",
    "artistName": "Manuel Gardner Fernandes"
  },
  {
    "segment": "leanback",
    "artistName": "The New Age"
  },
  {
    "segment": "leanback",
    "artistName": "BOOM BOOM SATELLITES"
  },
  {
    "segment": "lapsed",
    "artistName": "Topic"
  },
  {
    "segment": "leanback",
    "artistName": "wowaka"
  },
  {
    "segment": "lapsed",
    "artistName": "Periphery"
  },
  {
    "segment": "leanback",
    "artistName": "A.G.O"
  },
  {
    "segment": "leanback",
    "artistName": "Coheed and Cambria"
  },
  {
    "segment": "lapsed",
    "artistName": "Silhouette from the Skylit"
  },
  {
    "segment": "leanback",
    "artistName": "ROOKiEZ is PUNK'D"
  },
  {
    "segment": "lapsed",
    "artistName": "Chain Reaktor"
  },
  {
    "segment": "leanback",
    "artistName": "abstracts"
  },
  {
    "segment": "leanback",
    "artistName": "EGOIST"
  },
  {
    "segment": "leanback",
    "artistName": "Coliah"
  },
  {
    "segment": "lapsed",
    "artistName": "Lil Uzi Vert"
  },
  {
    "segment": "lapsed",
    "artistName": "9mm Parabellum Bullet"
  },
  {
    "segment": "lapsed",
    "artistName": "Marmalade butcher"
  },
  {
    "segment": "leanback",
    "artistName": "Asteroid"
  },
  {
    "segment": "lapsed",
    "artistName": "Dream Theater"
  },
  {
    "segment": "leanback",
    "artistName": "Haisuinonasa"
  },
  {
    "segment": "lapsed",
    "artistName": "Falling Up"
  },
  {
    "segment": "leanback",
    "artistName": "The Contortionist"
  },
  {
    "segment": "leanback",
    "artistName": "Relentless Flood"
  },
  {
    "segment": "leanback",
    "artistName": "Breakaway"
  },
  {
    "segment": "lapsed",
    "artistName": "Emperor"
  },
  {
    "segment": "leanback",
    "artistName": "Bad Omens"
  },
  {
    "segment": "lapsed",
    "artistName": "Lupe Fiasco"
  },
  {
    "segment": "leanback",
    "artistName": "SILENT SIREN"
  },
  {
    "segment": "leanback",
    "artistName": "Kadavar"
  },
  {
    "segment": "leanback",
    "artistName": "Yunosuke"
  },
  {
    "segment": "leanback",
    "artistName": "The Pineapple Thief"
  },
  {
    "segment": "leanback",
    "artistName": "MY FIRST STORY"
  },
  {
    "segment": "leanback",
    "artistName": "HYDE"
  },
  {
    "segment": "lapsed",
    "artistName": "Leader"
  },
  {
    "segment": "leanback",
    "artistName": "jon-YAKITORY"
  },
  {
    "segment": "leanback",
    "artistName": "Dead By Sunrise"
  },
  {
    "segment": "leanback",
    "artistName": "Wet Cactus"
  },
  {
    "segment": "leanback",
    "artistName": "Wind Walkers"
  },
  {
    "segment": "lapsed",
    "artistName": "Nothing’s Carved In Stone"
  },
  {
    "segment": "leanback",
    "artistName": "Himmellegeme"
  },
  {
    "segment": "leanback",
    "artistName": "the cabs"
  },
  {
    "segment": "lapsed",
    "artistName": "Lil West"
  },
  {
    "segment": "leanback",
    "artistName": "The Brandy Alexanders"
  },
  {
    "segment": "leanback",
    "artistName": "Oceans Ate Alaska"
  },
  {
    "segment": "leanback",
    "artistName": "The Tangent"
  },
  {
    "segment": "leanback",
    "artistName": "The Beefs"
  },
  {
    "segment": "leanback",
    "artistName": "Ado"
  },
  {
    "segment": "leanback",
    "artistName": "CY8ER"
  },
  {
    "segment": "leanback",
    "artistName": "Fivefold"
  },
  {
    "segment": "leanback",
    "artistName": "Jonas Lindberg & The Other Side"
  },
  {
    "segment": "leanback",
    "artistName": "Ellie Goulding"
  },
  {
    "segment": "leanback",
    "artistName": "Hoshimachi Suisei"
  }
]